Block,Lot,LotProduct,PlatAreaSF,PadElev_FP__FILL_IN,GutterElev__CLAUDE,GaragePlan,GarageStepDown,DrivewayRun_ft,DrivewaySide_drawn,DrivewaySide_required,Notes
A,1,70,11854,591.3,,,0.58,,left,,
A,2,70,8745,590.5,,,0.58,,left,,
A,3,70,8750,589.7,,,0.58,,right,,
A,4,70,8750,589.2,,,0.58,,right,,
A,5,70,9116,588.8,,,0.58,,right,right,
A,20,70,10546,594.8,,,0.58,,left,left,
B,1,50,13072,593.8,,,0.58,,right,right,
B,2,50,9336,594.0,,,0.58,,right,right,
B,3,50,7720,594.3,,,0.58,,right,,
B,4,50,6904,594.6,,,0.58,,right,,
B,5,50,6193,594.8,,,0.58,,right,,
B,6,50,6000,595.1,,,0.58,,right,,
B,7,50,6000,595.4,,,0.58,,right,,
B,8,50,6000,595.7,,,0.58,,right,,
B,9,50,6000,595.9,,,0.58,,left,left,
B,10,50,6000,596.3,,,0.58,,left,,
B,11,50,6000,596.6,,,0.58,,left,,
B,12,50,6000,596.9,,,0.58,,right,,
B,13,50,6000,597.2,,,0.58,,left,,
B,14,60,6000,597.5,,,0.58,,left,,
B,15,60,6600,597.8,,,0.58,,left,left,
B,17,50,6773,597.8,,,0.58,,left,,
B,18,50,6250,597.2,,,0.58,,left,,
B,19,50,6250,596.8,,,0.58,,right,,
B,20,60,7500,596.5,,,0.58,,left,,
B,21,60,7500,596.1,,,0.58,,,,
B,22,60,9345,595.8,,,0.58,,right,,
B,23,60,10641,595.7,,,0.58,,right,,
B,24,60,7482,595.3,,,0.58,,right,,
B,25,60,7901,594.5,,,0.58,,left,left,
B,26,60,7892,593.7,,,0.58,,left,,
B,27,50,6613,592.8,,,0.58,,left,,
B,28,50,6569,592.1,,,0.58,,left,,
B,29,50,8960,591.0,,,0.58,,left,left,
B,30,60,11052,591.5,,,0.58,,left,left,
B,31,60,8091,591.8,,,0.58,,right,,
B,32,60,8092,592.1,,,0.58,,right,,
B,33,60,9079,592.1,,,0.58,,left,,
C,1,50,12900,594.3,,,0.58,,left,,
C,2,50,6788,594.7,,,0.58,,right,,
C,3,50,6105,595.0,,,0.58,,left,,
C,4,50,6105,595.3,,,0.58,,left,,
C,5,50,6105,595.6,,,0.58,,left,,
C,6,50,6105,595.9,,,0.58,,right,right,
C,7,50,6105,596.2,,,0.58,,left,,
C,8,50,6105,596.5,,,0.58,,right,,
C,9,50,6105,596.8,,,0.58,,right,,
C,10,50,6715,597.1,,,0.58,,left,,
C,11,50,7750,597.2,,,0.58,,left,left,
C,12,50,6000,596.9,,,0.58,,left,,
C,13,50,6000,596.6,,,0.58,,left,,
C,14,50,7200,596.3,,,0.58,,left,,
C,15,50,10343,596.9,,,0.58,,left,,
C,16,70,13877,593.3,,,0.58,,right,right,plat numbering; grading plan shows this as lot 17
C,17,60,12633,593.7,,,0.58,,left,,plat numbering; grading plan shows this as lot 18
C,18,60,16342,594.1,,,0.58,,right,,plat numbering; grading plan shows this as lot 19
C,19,60,13200,594.6,,,0.58,,right,,plat numbering; grading plan shows this as lot 20
C,20,60,9032,594.0,,,0.58,,left,,plat numbering; grading plan shows this as lot 21
C,21,60,15635,593.5,,,0.58,,right,right,plat numbering; grading plan shows this as lot 22
D,1,70,9799,592.6,,,0.58,,left,left,
D,2,70,9797,593.7,,,0.58,,right,,
D,3,70,9796,594.6,,,0.58,,left,,
D,4,70,9794,595.3,,,0.58,,left,,
D,5,70,9793,596.0,,,0.58,,left,,
D,6,70,9790,596.7,,,0.58,,right,right,
D,7,70,9592,597.4,,,0.58,,right,,
E,1,70,14350,594.8,,,0.58,,right,,
E,2,70,8400,595.5,,,0.58,,left,,
E,3,70,8400,596.2,,,0.58,,left,,
E,4,70,8400,596.9,,,0.58,,right,right,
E,5,70,9000,597.6,,,0.58,,right,,
E,6,70,10450,600.0,,,0.58,,right,,
E,7,70,8400,600.4,,,0.58,,left,,
E,8,70,10450,600.8,,,0.58,,left,,
E,9,70,10877,600.1,,,0.58,,right,,
E,10,70,12385,600.1,,,0.58,,left,,
E,11,70,18147,599.6,,,0.58,,right,,
E,12,70,8684,599.3,,,0.58,,right,,
E,13,70,8750,598.7,,,0.58,,right,,
E,14,70,9950,598.3,,,0.58,,left,left,
E,15,60,8350,591.7,,,0.58,,right,right,
E,16,60,7200,592.1,,,0.58,,left,,
E,17,60,7200,592.4,,,0.58,,right,,
E,18,60,7200,592.8,,,0.58,,right,,
E,19,60,7200,593.1,,,0.58,,right,,
E,20,60,9771,593.5,,,0.58,,right,,
F,1,70,10161,587.4,,,0.58,,left,left,
F,2,70,8778,587.0,,,0.58,,left,,
F,3,70,8778,586.6,,,0.58,,right,right,
F,4,70,8778,586.2,,,0.58,,right,,
F,5,70,8778,585.8,,,0.58,,left,,
F,6,70,8778,585.3,,,0.58,,,,
F,7,70,9729,585.0,,,0.58,,right,right,
F,8,60,8405,591.7,,,0.58,,right,right,
F,9,60,7247,592.1,,,0.58,,right,,
F,10,60,7247,592.4,,,0.58,,right,,
F,11,60,7247,592.8,,,0.58,,right,,
F,12,60,7247,593.2,,,0.58,,right,,
F,13,60,7247,593.5,,,0.58,,right,,
F,14,60,7247,593.6,,,0.58,,right,,
F,15,70,9785,593.6,,,0.58,,left,left,
H,1,60,9459,586.7,,,0.58,,left,left,
H,2,60,7200,588.1,,,0.58,,left,,
H,3,60,7200,589.6,,,0.58,,left,,
H,4,60,7200,591.1,,,0.58,,left,,
H,5,60,7200,592.6,,,0.58,,right,,
H,6,70,8400,594.2,,,0.58,,right,,
H,7,70,8400,595.7,,,0.58,,left,,
H,8,70,8400,597.1,,,0.58,,right,,
H,9,70,8400,598.4,,,0.58,,left,,
H,10,70,10232,598.9,,,0.58,,left,left,
H,11,50,7202,596.1,,,0.58,,right,right,
H,12,50,6000,596.3,,,0.58,,right,,
H,13,50,6000,596.3,,,0.58,,left,,
H,14,50,6000,595.2,,,0.58,,left,,
H,15,50,6000,594.0,,,0.58,,left,,
H,16,50,6000,592.7,,,0.58,,left,,
H,17,50,6000,591.5,,,0.58,,left,,
H,18,50,6000,590.2,,,0.58,,left,left,
H,19,50,6000,589.0,,,0.58,,right,,
H,20,50,6000,587.7,,,0.58,,left,,
H,21,50,6000,586.5,,,0.58,,left,,
H,22,50,6000,585.2,,,0.58,,left,,
H,23,50,7629,584.0,,,0.58,,left,left,
I,1,60,8485,584.3,,,0.58,,left,left,
I,2,60,7200,586.0,,,0.58,,left,,
I,3,60,7200,587.5,,,0.58,,right,,
I,4,60,7200,589.0,,,0.58,,left,,
I,5,50,6000,590.2,,,0.58,,right,right,
I,6,50,6000,591.5,,,0.58,,right,,
I,7,50,6000,592.8,,,0.58,,right,,
I,8,50,6000,594.0,,,0.58,,right,,
I,9,50,6000,595.2,,,0.58,,right,,
I,10,50,6000,596.3,,,0.58,,right,,
I,11,50,6000,596.3,,,0.58,,left,,
I,12,50,7150,596.1,,,0.58,,left,left,
I,13,50,7150,593.3,,,0.58,,right,right,
I,14,50,6000,593.6,,,0.58,,right,,
I,15,50,6000,593.9,,,0.58,,right,,
I,16,50,6000,594.2,,,0.58,,right,,
I,17,50,6000,594.2,,,0.58,,left,,
I,18,50,6000,593.8,,,0.58,,left,,
I,19,50,6000,592.8,,,0.58,,left,,
I,20,50,6000,591.6,,,0.58,,left,,
I,21,60,7200,590.3,,,0.58,,right,,
I,22,60,7200,588.9,,,0.58,,right,,
I,23,60,7200,587.6,,,0.58,,right,,
I,24,60,8350,586.2,,,0.58,,left,left,
J,2,60,7412,601.0,,,0.58,,left,left,
J,3,60,7201,600.0,,,0.58,,right,,
J,4,60,7200,599.1,,,0.58,,right,,
J,5,60,7200,598.1,,,0.58,,right,,
J,6,60,7200,597.1,,,0.58,,right,,
J,7,60,7200,596.2,,,0.58,,right,right,
J,8,60,7200,595.4,,,0.58,,right,,
J,9,60,7200,594.5,,,0.58,,right,,
J,10,60,7200,593.7,,,0.58,,right,,
J,11,60,7200,592.8,,,0.58,,right,right,
J,12,60,11917,593.2,,,0.58,,right,,
J,13,50,14619,593.5,,,0.58,,right,,
J,14,50,6520,593.2,,,0.58,,,,
J,15,50,6257,593.5,,,0.58,,right,,
J,16,50,6256,593.8,,,0.58,,left,,
J,17,50,6256,594.1,,,0.58,,right,,
J,18,50,6255,594.1,,,0.58,,left,,
J,19,50,6255,594.1,,,0.58,,left,,
J,20,50,6254,593.1,,,0.58,,left,,
J,21,50,6253,592.0,,,0.58,,right,,
J,22,50,6253,590.8,,,0.58,,right,,
J,23,50,6252,589.6,,,0.58,,right,,
J,24,50,6252,588.5,,,0.58,,left,,
J,25,50,6251,587.3,,,0.58,,right,,
J,26,50,6250,586.2,,,0.58,,left,right,
J,27,50,7744,585.1,,,0.58,,,,
J,28,70,14069,585.1,,,0.58,,left,,
J,34,70,9169,582.2,,,0.58,,right,,
J,46,70,14451,588.6,,,0.58,,left,,
J,47,70,9010,589.5,,,0.58,,left,left,
