Block,Lot,PlatAreaSF,PolyAreaSF,LotProduct_ft,LotWidth_ft,LotDepth_ft,PadElev_FP,FrontSpotElev,SpotToROW_ft,GarageApron,DrivewayDrop_ft,Slope_at21ft_pct,RunNeeded_at10pct_ft,SetbackShift_ft,DropGarage_if_noShift_ft,RestrictedDriveway,RequiredDrivewaySide,Dakota_JSwing_Fit,PlansWithEnoughSlack,Confidence,Notes
A,2,9600,9599,70,80.0,120.0,587.6,587.0,0.0,587.85,0.85,4.0,14.3,0.0,,YES,RIGHT,OK - MIRROR REQUIRED (garage right),all,OK,
A,3,10750,10750,70,90.0,120.0,586.5,582.7,0.0,586.75,4.05,19.3,46.3,25.3,1.95,YES,LEFT,OK - as drawn (garage left),none,CHECK,drop outside observed 0.9-2.9 ft range
A,4,8779,8778,70,70.0,125.8,584.2,583.6,0.0,584.45,0.85,4.0,14.3,0.0,,,,OK - either hand,all,OK,
A,5,8836,8836,70,70.0,126.6,584.6,584.0,0.0,584.85,0.85,4.0,14.3,0.0,,,,OK - either hand,all,OK,
A,6,8891,8890,70,70.0,127.5,585.1,584.0,0.0,585.35,1.35,6.4,19.3,0.0,,,,OK - either hand,all,OK,
A,7,13581,13897,70,129.3,162.8,585.5,584.5,1.8,585.75,1.25,6.0,18.3,0.0,,,,OK - either hand,all,OK,
A,8,13709,14043,70,132.0,161.6,586.7,584.9,1.1,586.95,2.05,9.8,26.3,5.3,,,,OK - either hand,"Ross A, Ross B/C, Cooper, Renner A",OK,
A,9,9167,9166,70,70.0,136.9,586.9,585.4,0.0,587.15,1.75,8.3,23.3,2.3,,,,OK - either hand,"Ross A, Ross B/C, Cooper, Renner A, Renner B/C",OK,
A,10,7500,7499,60,60.0,125.0,587.3,585.4,0.0,587.55,2.15,10.2,27.3,6.3,0.05,,,OK - either hand,"Ross A, Ross B/C, Cooper, Renner A",OK,
A,11,7500,7499,60,60.0,125.0,587.8,585.8,2.8,588.05,2.25,10.7,28.3,7.3,0.15,,,OK - either hand,"Ross A, Ross B/C, Cooper, Renner A",OK,
A,12,7500,7500,60,60.0,125.0,588.2,586.2,2.8,588.45,2.25,10.7,28.3,7.3,0.15,YES,LEFT,OK - as drawn (garage left),"Ross A, Ross B/C, Cooper, Renner A",OK,
A,13,7463,7462,60,60.0,125.0,588.6,586.6,2.8,588.85,2.25,10.7,28.3,7.3,0.15,YES,RIGHT,OK - MIRROR REQUIRED (garage right),"Ross A, Ross B/C, Cooper, Renner A",OK,
A,14,7389,7388,60,60.0,123.8,589.1,587.1,2.8,589.35,2.25,10.7,28.3,7.3,0.15,,,OK - either hand,"Ross A, Ross B/C, Cooper, Renner A",OK,
A,15,7315,7314,60,60.0,122.5,589.5,587.5,2.8,589.75,2.25,10.7,28.3,7.3,0.15,,,OK - either hand,"Ross A, Ross B/C, Cooper, Renner A",OK,
A,16,7241,7240,60,60.0,121.3,589.9,587.9,2.8,590.15,2.25,10.7,28.3,7.3,0.15,,,OK - either hand,"Ross A, Ross B/C, Cooper, Renner A",OK,
A,17,7166,7166,60,60.0,120.1,590.4,588.4,2.8,590.65,2.25,10.7,28.3,7.3,0.15,,,OK - either hand,"Ross A, Ross B/C, Cooper, Renner A",OK,
A,18,7133,7133,60,60.3,118.8,590.8,588.8,2.8,591.05,2.25,10.7,28.3,7.3,0.15,,,OK - either hand,"Ross A, Ross B/C, Cooper, Renner A",OK,
A,19,7140,7139,60,61.0,117.6,591.2,589.7,2.8,591.45,1.75,8.3,23.3,2.3,,,,OK - either hand,"Ross A, Ross B/C, Cooper, Renner A, Renner B/C",OK,
A,20,7148,7148,60,61.8,116.9,591.9,589.7,2.8,592.15,2.45,11.7,30.3,9.3,0.35,YES,RIGHT,OK - MIRROR REQUIRED (garage right),"Ross A, Ross B/C, Cooper, Renner A",OK,
A,21,16537,16664,60,138.3,162.7,592.2,590.2,7.8,592.45,2.25,10.7,28.3,7.3,0.15,,,OK - either hand,"Ross A, Ross B/C, Cooper, Renner A",OK,
A,22,11477,11600,60,127.8,132.7,592.5,590.7,0.3,592.75,2.05,9.8,26.3,5.3,,,,OK - either hand,"Ross A, Ross B/C, Cooper, Renner A",OK,
A,23,7207,7211,60,60.0,121.0,592.6,591.0,0.0,592.85,1.85,8.8,24.3,3.3,,,,OK - either hand,"Ross A, Ross B/C, Cooper, Renner A",OK,
A,24,7200,7200,60,60.0,120.0,593.0,591.4,0.0,593.25,1.85,8.8,24.3,3.3,,,,OK - either hand,"Ross A, Ross B/C, Cooper, Renner A",OK,
A,26,7200,7200,60,60.0,120.0,593.5,592.0,0.0,593.75,1.75,8.3,23.3,2.3,,YES,RIGHT,OK - MIRROR REQUIRED (garage right),"Ross A, Ross B/C, Cooper, Renner A, Renner B/C",OK,
A,27,7200,7200,60,60.0,120.0,593.9,592.0,0.0,594.15,2.15,10.2,27.3,6.3,0.05,,,OK - either hand,"Ross A, Ross B/C, Cooper, Renner A",OK,
A,28,7200,7200,60,60.0,120.0,594.3,592.3,0.0,594.55,2.25,10.7,28.3,7.3,0.15,,,OK - either hand,"Ross A, Ross B/C, Cooper, Renner A",OK,
A,29,7200,7200,60,60.0,120.0,594.6,593.1,0.0,594.85,1.75,8.3,23.3,2.3,,YES,LEFT,OK - as drawn (garage left),"Ross A, Ross B/C, Cooper, Renner A, Renner B/C",OK,
A,30,7200,7199,60,60.0,120.0,595.0,593.4,0.0,595.25,1.85,8.8,24.3,3.3,,YES,RIGHT,OK - MIRROR REQUIRED (garage right),"Ross A, Ross B/C, Cooper, Renner A",OK,
A,31,7200,7199,60,60.0,120.0,595.4,593.4,0.0,595.65,2.25,10.7,28.3,7.3,0.15,,,OK - either hand,"Ross A, Ross B/C, Cooper, Renner A",OK,
A,32,7200,7199,60,60.0,120.0,595.7,594.2,0.0,595.95,1.75,8.3,23.3,2.3,,,,OK - either hand,"Ross A, Ross B/C, Cooper, Renner A, Renner B/C",OK,
A,33,7200,7199,60,60.0,120.0,596.1,594.5,0.0,596.35,1.85,8.8,24.3,3.3,,,,OK - either hand,"Ross A, Ross B/C, Cooper, Renner A",OK,
A,34,7200,7199,60,60.0,120.0,596.5,594.5,0.0,596.75,2.25,10.7,28.3,7.3,0.15,,,OK - either hand,"Ross A, Ross B/C, Cooper, Renner A",OK,
A,35,8350,8350,60,70.0,120.0,596.9,594.9,0.0,597.15,2.25,10.7,28.3,7.3,0.15,YES,LEFT,OK - as drawn (garage left),"Ross A, Ross B/C, Cooper, Renner A",OK,
A,36,7150,7149,50,60.0,120.0,598.4,596.9,0.0,598.65,1.75,8.3,23.3,2.3,,YES,RIGHT,OK - MIRROR REQUIRED (garage right),"Ross A, Ross B/C, Cooper, Renner A, Renner B/C",OK,
A,37,6000,6000,50,50.0,120.0,598.4,596.6,0.0,598.65,2.05,9.8,26.3,5.3,,,,OK - either hand,"Ross A, Ross B/C, Cooper, Renner A",OK,
A,38,6000,5999,50,50.0,120.0,598.1,596.3,0.0,598.35,2.05,9.8,26.3,5.3,,,,OK - either hand,"Ross A, Ross B/C, Cooper, Renner A",OK,
A,39,6000,5999,50,50.0,120.0,597.8,596.0,0.0,598.05,2.05,9.8,26.3,5.3,,,,OK - either hand,"Ross A, Ross B/C, Cooper, Renner A",OK,
A,40,6000,5999,50,50.0,120.0,597.5,595.7,0.0,597.75,2.05,9.8,26.3,5.3,,,,OK - either hand,"Ross A, Ross B/C, Cooper, Renner A",OK,
A,41,6000,5999,50,50.0,120.0,597.2,595.4,0.0,597.45,2.05,9.8,26.3,5.3,,,,OK - either hand,"Ross A, Ross B/C, Cooper, Renner A",OK,
A,42,6000,5999,50,50.0,120.0,596.9,595.1,0.0,597.15,2.05,9.8,26.3,5.3,,,,OK - either hand,"Ross A, Ross B/C, Cooper, Renner A",OK,
A,43,6000,5999,50,50.0,120.0,596.6,594.8,0.0,596.85,2.05,9.8,26.3,5.3,,YES,LEFT,OK - as drawn (garage left),"Ross A, Ross B/C, Cooper, Renner A",OK,
A,44,6000,5999,50,50.0,120.0,596.3,594.4,0.0,596.55,2.15,10.2,27.3,6.3,0.05,YES,RIGHT,OK - MIRROR REQUIRED (garage right),"Ross A, Ross B/C, Cooper, Renner A",OK,
A,45,6000,5999,50,50.0,120.0,596.0,594.1,0.0,596.25,2.15,10.2,27.3,6.3,0.05,,,OK - either hand,"Ross A, Ross B/C, Cooper, Renner A",OK,
A,46,6000,5999,50,50.0,120.0,595.6,593.8,0.0,595.85,2.05,9.8,26.3,5.3,,,,OK - either hand,"Ross A, Ross B/C, Cooper, Renner A",OK,
A,47,6000,5999,50,50.0,120.0,595.3,593.5,0.0,595.55,2.05,9.8,26.3,5.3,,YES,LEFT,OK - as drawn (garage left),"Ross A, Ross B/C, Cooper, Renner A",OK,
A,48,6000,5999,50,50.0,120.0,595.2,593.3,0.0,595.45,2.15,10.2,27.3,6.3,0.05,YES,RIGHT,OK - MIRROR REQUIRED (garage right),"Ross A, Ross B/C, Cooper, Renner A",OK,
A,49,6000,5999,50,50.0,120.0,595.4,593.9,0.0,595.65,1.75,8.3,23.3,2.3,,,,OK - either hand,"Ross A, Ross B/C, Cooper, Renner A, Renner B/C",OK,
A,50,7235,7306,50,77.0,120.0,596.0,593.9,0.0,596.25,2.35,11.2,29.3,8.3,0.25,,,OK - either hand,"Ross A, Ross B/C, Cooper, Renner A",OK,
A,51,14494,14578,50,138.2,160.1,596.3,594.3,16.9,596.55,2.25,10.7,28.3,7.3,0.15,,,OK - either hand,"Ross A, Ross B/C, Cooper, Renner A",CHECK,chosen spot 17 ft from ROW - may not be the front spot
A,52,10213,10248,50,122.7,129.9,596.3,594.3,2.8,596.55,2.25,10.7,28.3,7.3,0.15,,,OK - either hand,"Ross A, Ross B/C, Cooper, Renner A",OK,
A,53,6000,5999,50,50.0,120.0,596.3,594.7,2.8,596.55,1.85,8.8,24.3,3.3,,,,OK - either hand,"Ross A, Ross B/C, Cooper, Renner A",OK,
A,54,6000,5999,50,50.0,120.0,596.6,594.7,2.8,596.85,2.15,10.2,27.3,6.3,0.05,,,OK - either hand,"Ross A, Ross B/C, Cooper, Renner A",OK,
A,55,6000,5999,50,50.0,120.0,597.0,595.5,2.8,597.25,1.75,8.3,23.3,2.3,,,,OK - either hand,"Ross A, Ross B/C, Cooper, Renner A, Renner B/C",OK,
A,56,6000,5999,50,50.0,120.0,597.4,595.5,2.8,597.65,2.15,10.2,27.3,6.3,0.05,YES,LEFT,OK - as drawn (garage left),"Ross A, Ross B/C, Cooper, Renner A",OK,
A,57,6000,5999,50,50.0,120.0,597.7,595.8,2.8,597.95,2.15,10.2,27.3,6.3,0.05,YES,RIGHT,OK - MIRROR REQUIRED (garage right),"Ross A, Ross B/C, Cooper, Renner A",OK,
A,58,6000,5999,50,50.0,120.0,598.1,596.6,0.0,598.35,1.75,8.3,23.3,2.3,,,,OK - either hand,"Ross A, Ross B/C, Cooper, Renner A, Renner B/C",OK,
A,59,6000,5999,50,50.0,120.0,598.5,596.6,0.0,598.75,2.15,10.2,27.3,6.3,0.05,,,OK - either hand,"Ross A, Ross B/C, Cooper, Renner A",OK,
A,60,7273,7273,50,62.6,120.0,599.2,597.6,2.4,599.45,1.85,8.8,24.3,3.3,,YES,LEFT,OK - as drawn (garage left),"Ross A, Ross B/C, Cooper, Renner A",OK,
B,2,7273,7273,50,62.3,120.0,600.8,599.3,2.8,601.05,1.75,8.3,23.3,2.3,,YES,RIGHT,OK - MIRROR REQUIRED (garage right),"Ross A, Ross B/C, Cooper, Renner A, Renner B/C",OK,
B,3,6000,5999,50,50.0,120.0,601.6,599.3,2.8,601.85,2.55,12.1,31.3,10.3,0.45,,,OK - either hand,"Ross A, Ross B/C, Cooper, Renner A",OK,
B,4,6000,5999,50,50.0,120.0,602.7,600.0,2.8,602.95,2.95,14.0,35.3,14.3,0.85,,,OK - either hand,"Ross A, Ross B/C",OK,
B,5,6000,5999,50,50.0,120.0,604.0,602.4,2.8,604.25,1.85,8.8,24.3,3.3,,,,OK - either hand,"Ross A, Ross B/C, Cooper, Renner A",OK,
B,6,6003,6003,50,50.1,120.0,605.3,602.4,2.8,605.55,3.15,15.0,37.3,16.3,1.05,,,OK - either hand,none,OK,
B,7,8488,8592,50,104.2,121.0,606.0,603.7,4.5,606.25,2.55,12.1,31.3,10.3,0.45,,,OK - either hand,"Ross A, Ross B/C, Cooper, Renner A",OK,
B,8,14602,14676,50,147.3,149.2,606.5,604.8,27.2,606.75,1.95,9.3,25.3,4.3,,,,OK - either hand,"Ross A, Ross B/C, Cooper, Renner A",CHECK,chosen spot 27 ft from ROW - may not be the front spot
B,9,8371,8479,50,91.2,127.2,607.0,605.3,0.0,607.25,1.95,9.3,25.3,4.3,,,,OK - either hand,"Ross A, Ross B/C, Cooper, Renner A",OK,
B,10,6323,6322,50,50.0,126.6,607.9,605.3,0.0,608.15,2.85,13.6,34.3,13.3,0.75,,,OK - either hand,"Ross A, Ross B/C",OK,
B,11,6306,6306,50,50.0,126.3,608.9,606.4,0.0,609.15,2.75,13.1,33.3,12.3,0.65,,,OK - either hand,"Ross A, Ross B/C",OK,
B,12,6290,6289,50,50.0,126.0,609.2,607.3,0.0,609.45,2.15,10.2,27.3,6.3,0.05,,,OK - either hand,"Ross A, Ross B/C, Cooper, Renner A",OK,
B,13,6552,6551,50,52.2,125.6,609.2,607.5,0.0,609.45,1.95,9.3,25.3,4.3,,,,OK - either hand,"Ross A, Ross B/C, Cooper, Renner A",OK,
B,14,8543,8674,50,97.2,125.3,609.1,607.2,2.0,609.35,2.15,10.2,27.3,6.3,0.05,,,OK - either hand,"Ross A, Ross B/C, Cooper, Renner A",OK,
B,15,14605,14685,50,144.7,149.3,608.8,607.1,32.2,609.05,1.95,9.3,25.3,4.3,,,,OK - either hand,"Ross A, Ross B/C, Cooper, Renner A",CHECK,chosen spot 32 ft from ROW - may not be the front spot
B,16,8066,8198,50,95.1,120.0,608.5,606.5,2.8,608.75,2.25,10.7,28.3,7.3,0.15,,,OK - either hand,"Ross A, Ross B/C, Cooper, Renner A",OK,
B,17,6000,5999,50,50.0,120.0,608.1,606.5,2.8,608.35,1.85,8.8,24.3,3.3,,,,OK - either hand,"Ross A, Ross B/C, Cooper, Renner A",OK,
B,18,6000,5999,50,50.0,120.0,607.2,605.7,2.8,607.45,1.75,8.3,23.3,2.3,,,,OK - either hand,"Ross A, Ross B/C, Cooper, Renner A, Renner B/C",OK,
B,19,6000,5999,50,50.0,120.0,606.4,604.8,2.8,606.65,1.85,8.8,24.3,3.3,,,,OK - either hand,"Ross A, Ross B/C, Cooper, Renner A",OK,
B,20,6000,5999,50,50.0,120.0,605.5,604.0,2.8,605.75,1.75,8.3,23.3,2.3,,,,OK - either hand,"Ross A, Ross B/C, Cooper, Renner A, Renner B/C",OK,
B,21,6000,5999,50,50.0,120.0,604.7,603.1,2.8,604.95,1.85,8.8,24.3,3.3,,,,OK - either hand,"Ross A, Ross B/C, Cooper, Renner A",OK,
B,22,6000,5999,50,50.0,120.0,603.8,602.3,2.8,604.05,1.75,8.3,23.3,2.3,,,,OK - either hand,"Ross A, Ross B/C, Cooper, Renner A, Renner B/C",OK,
B,23,6000,5999,50,50.0,120.0,603.0,601.4,2.8,603.25,1.85,8.8,24.3,3.3,,,,OK - either hand,"Ross A, Ross B/C, Cooper, Renner A",OK,
B,24,6000,5999,50,50.0,120.0,602.1,599.7,0.0,602.35,2.65,12.6,32.3,11.3,0.55,,,OK - either hand,"Ross A, Ross B/C, Cooper",OK,
B,25,6000,5999,50,50.0,120.0,601.3,599.7,0.0,601.55,1.85,8.8,24.3,3.3,,,,OK - either hand,"Ross A, Ross B/C, Cooper, Renner A",OK,
B,26,6000,5999,50,50.0,120.0,600.4,598.9,2.8,600.65,1.75,8.3,23.3,2.3,,,,OK - either hand,"Ross A, Ross B/C, Cooper, Renner A, Renner B/C",OK,
B,27,6000,5999,50,50.0,120.0,599.6,598.0,2.8,599.85,1.85,8.8,24.3,3.3,,,,OK - either hand,"Ross A, Ross B/C, Cooper, Renner A",OK,
B,28,6000,5999,50,50.0,120.0,598.7,597.2,2.8,598.95,1.75,8.3,23.3,2.3,,YES,LEFT,OK - as drawn (garage left),"Ross A, Ross B/C, Cooper, Renner A, Renner B/C",OK,
B,29,6000,5999,50,50.0,120.0,597.9,596.3,2.8,598.15,1.85,8.8,24.3,3.3,,YES,RIGHT,OK - MIRROR REQUIRED (garage right),"Ross A, Ross B/C, Cooper, Renner A",OK,
B,30,8135,8151,50,69.8,120.0,597.0,595.5,2.8,597.25,1.75,8.3,23.3,2.3,,YES,LEFT,OK - as drawn (garage left),"Ross A, Ross B/C, Cooper, Renner A, Renner B/C",OK,
C,1,7150,7150,50,60.0,120.0,608.1,606.6,2.8,608.35,1.75,8.3,23.3,2.3,,,,OK - either hand,"Ross A, Ross B/C, Cooper, Renner A, Renner B/C",OK,
C,2,6000,6000,50,50.0,120.0,607.3,604.9,2.8,607.55,2.65,12.6,32.3,11.3,0.55,,,OK - either hand,"Ross A, Ross B/C, Cooper",OK,
C,3,6000,6000,50,50.0,120.0,606.5,604.1,2.8,606.75,2.65,12.6,32.3,11.3,0.55,,,OK - either hand,"Ross A, Ross B/C, Cooper",OK,
C,4,6000,6000,50,50.0,120.0,605.6,603.2,2.8,605.85,2.65,12.6,32.3,11.3,0.55,,,OK - either hand,"Ross A, Ross B/C, Cooper",OK,
C,5,6000,6000,50,50.0,120.0,604.8,602.4,2.8,605.05,2.65,12.6,32.3,11.3,0.55,,,OK - either hand,"Ross A, Ross B/C, Cooper",OK,
C,6,6000,6000,50,50.0,120.0,603.9,601.5,2.8,604.15,2.65,12.6,32.3,11.3,0.55,,,OK - either hand,"Ross A, Ross B/C, Cooper",OK,
C,7,6000,6000,50,50.0,120.0,603.1,600.7,2.8,603.35,2.65,12.6,32.3,11.3,0.55,,,OK - either hand,"Ross A, Ross B/C, Cooper",OK,
C,8,6000,6000,50,50.0,120.0,602.2,599.8,0.0,602.45,2.65,12.6,32.3,11.3,0.55,,,OK - either hand,"Ross A, Ross B/C, Cooper",OK,
C,9,6000,6000,50,50.0,120.0,601.4,599.8,0.0,601.65,1.85,8.8,24.3,3.3,,,,OK - either hand,"Ross A, Ross B/C, Cooper, Renner A",OK,
C,10,6000,6000,50,50.0,120.0,600.5,598.1,2.8,600.75,2.65,12.6,32.3,11.3,0.55,,,OK - either hand,"Ross A, Ross B/C, Cooper",OK,
C,11,6000,6000,50,50.0,120.0,599.7,597.3,2.8,599.95,2.65,12.6,32.3,11.3,0.55,,,OK - either hand,"Ross A, Ross B/C, Cooper",OK,
C,12,6000,6000,50,50.0,120.0,598.8,596.4,2.8,599.05,2.65,12.6,32.3,11.3,0.55,YES,RIGHT,OK - MIRROR REQUIRED (garage right),"Ross A, Ross B/C, Cooper",OK,
C,13,7200,7200,60,60.0,120.0,598.0,595.4,2.8,598.25,2.85,13.6,34.3,13.3,0.75,YES,LEFT,OK - as drawn (garage left),"Ross A, Ross B/C",OK,
C,14,8748,8748,60,73.7,120.0,597.0,593.3,0.0,597.25,3.95,18.8,45.3,24.3,1.85,YES,RIGHT,OK - MIRROR REQUIRED (garage right),none,CHECK,drop outside observed 0.9-2.9 ft range
C,15,8651,8651,60,72.9,120.0,596.4,594.8,2.8,596.65,1.85,8.8,24.3,3.3,,YES,LEFT,OK - as drawn (garage left),"Ross A, Ross B/C, Cooper, Renner A",OK,
C,16,7200,7199,60,60.0,120.0,596.8,594.8,2.8,597.05,2.25,10.7,28.3,7.3,0.15,,,OK - either hand,"Ross A, Ross B/C, Cooper, Renner A",OK,
C,17,6000,5999,50,50.0,120.0,597.2,595.2,2.8,597.45,2.25,10.7,28.3,7.3,0.15,YES,RIGHT,OK - MIRROR REQUIRED (garage right),"Ross A, Ross B/C, Cooper, Renner A",OK,
C,18,6000,5999,50,50.0,120.0,597.5,596.0,2.8,597.75,1.75,8.3,23.3,2.3,,YES,LEFT,OK - as drawn (garage left),"Ross A, Ross B/C, Cooper, Renner A, Renner B/C",OK,
C,19,6000,5999,50,50.0,120.0,597.9,596.0,2.8,598.15,2.15,10.2,27.3,6.3,0.05,,,OK - either hand,"Ross A, Ross B/C, Cooper, Renner A",OK,
C,20,6000,5999,50,50.0,120.0,598.3,596.7,0.0,598.55,1.85,8.8,24.3,3.3,,,,OK - either hand,"Ross A, Ross B/C, Cooper, Renner A",OK,
C,21,6000,5999,50,50.0,120.0,598.7,596.7,0.0,598.95,2.25,10.7,28.3,7.3,0.15,,,OK - either hand,"Ross A, Ross B/C, Cooper, Renner A",OK,
C,22,6000,5999,50,50.0,120.0,599.4,597.2,2.8,599.65,2.45,11.7,30.3,9.3,0.35,,,OK - either hand,"Ross A, Ross B/C, Cooper, Renner A",OK,
C,23,6000,5999,50,50.0,120.0,600.1,598.6,2.8,600.35,1.75,8.3,23.3,2.3,,,,OK - either hand,"Ross A, Ross B/C, Cooper, Renner A, Renner B/C",OK,
C,24,6000,5999,50,50.0,120.0,600.8,598.6,2.8,601.05,2.45,11.7,30.3,9.3,0.35,,,OK - either hand,"Ross A, Ross B/C, Cooper, Renner A",OK,
C,25,6000,5999,50,50.0,120.0,601.6,600.0,2.8,601.85,1.85,8.8,24.3,3.3,,,,OK - either hand,"Ross A, Ross B/C, Cooper, Renner A",OK,
C,26,6000,5999,50,50.0,120.0,602.7,601.2,2.8,602.95,1.75,8.3,23.3,2.3,,,,OK - either hand,"Ross A, Ross B/C, Cooper, Renner A, Renner B/C",OK,
C,27,6000,5999,50,50.0,120.0,604.0,601.2,2.8,604.25,3.05,14.5,36.3,15.3,0.95,,,OK - either hand,Ross A,OK,
C,28,7151,7151,50,60.0,120.0,605.2,607.3,0.0,605.45,-1.85,-8.8,0,0.0,,,,OK - either hand,all,CHECK,drop outside observed 0.9-2.9 ft range
D,1,8400,8399,70,70.0,120.0,598.6,597.0,2.8,598.85,1.85,8.8,24.3,3.3,,YES,RIGHT,OK - MIRROR REQUIRED (garage right),"Ross A, Ross B/C, Cooper, Renner A",OK,
D,2,8400,4928,70,41.1,120.0,598.2,596.1,2.8,598.45,2.35,11.2,29.3,8.3,0.25,,,OK - either hand,"Ross A, Ross B/C, Cooper, Renner A",OK,
D,3,8400,8399,70,70.0,120.0,597.8,595.7,2.8,598.05,2.35,11.2,29.3,8.3,0.25,,,OK - either hand,"Ross A, Ross B/C, Cooper, Renner A",OK,
D,4,8400,8399,70,70.0,120.0,597.3,595.3,0.0,597.55,2.25,10.7,28.3,7.3,0.15,,,OK - either hand,"Ross A, Ross B/C, Cooper, Renner A",OK,
D,5,8400,8399,70,70.0,120.0,596.9,595.3,0.0,597.15,1.85,8.8,24.3,3.3,,,,OK - either hand,"Ross A, Ross B/C, Cooper, Renner A",OK,
D,6,8400,8399,70,70.0,120.0,596.5,594.8,2.8,596.75,1.95,9.3,25.3,4.3,,,,OK - either hand,"Ross A, Ross B/C, Cooper, Renner A",OK,
D,7,8400,8399,70,70.0,120.0,596.1,594.0,2.8,596.35,2.35,11.2,29.3,8.3,0.25,,,OK - either hand,"Ross A, Ross B/C, Cooper, Renner A",OK,
D,8,8400,8399,70,70.0,120.0,595.6,594.0,2.8,595.85,1.85,8.8,24.3,3.3,,,,OK - either hand,"Ross A, Ross B/C, Cooper, Renner A",OK,
D,9,7200,7199,60,60.0,120.0,595.1,593.2,2.8,595.35,2.15,10.2,27.3,6.3,0.05,YES,LEFT,OK - as drawn (garage left),"Ross A, Ross B/C, Cooper, Renner A",OK,
D,10,7200,7199,60,60.0,120.0,594.7,593.2,2.8,594.95,1.75,8.3,23.3,2.3,,YES,RIGHT,OK - MIRROR REQUIRED (garage right),"Ross A, Ross B/C, Cooper, Renner A, Renner B/C",OK,
D,11,7197,7194,60,60.0,120.0,594.4,592.4,2.6,594.65,2.25,10.7,28.3,7.3,0.15,YES,LEFT,OK - as drawn (garage left),"Ross A, Ross B/C, Cooper, Renner A",OK,
E,1,8350,8350,60,70.0,120.0,596.5,594.9,0.0,596.75,1.85,8.8,24.3,3.3,,YES,RIGHT,OK - MIRROR REQUIRED (garage right),"Ross A, Ross B/C, Cooper, Renner A",OK,
E,2,7200,7199,60,60.0,120.0,596.5,594.5,0.0,596.75,2.25,10.7,28.3,7.3,0.15,,,OK - either hand,"Ross A, Ross B/C, Cooper, Renner A",OK,
E,3,7200,7200,60,60.0,120.0,596.1,594.2,0.0,596.35,2.15,10.2,27.3,6.3,0.05,,,OK - either hand,"Ross A, Ross B/C, Cooper, Renner A",OK,
E,4,7200,7200,60,60.0,120.0,595.7,593.8,0.0,595.95,2.15,10.2,27.3,6.3,0.05,,,OK - either hand,"Ross A, Ross B/C, Cooper, Renner A",OK,
E,5,7200,7200,60,60.0,120.0,595.4,593.4,0.0,595.65,2.25,10.7,28.3,7.3,0.15,,,OK - either hand,"Ross A, Ross B/C, Cooper, Renner A",OK,
E,6,7200,7200,60,60.0,120.0,595.0,593.1,0.0,595.25,2.15,10.2,27.3,6.3,0.05,YES,LEFT,OK - as drawn (garage left),"Ross A, Ross B/C, Cooper, Renner A",OK,
E,7,7200,7200,60,60.0,120.0,594.6,592.7,0.0,594.85,2.15,10.2,27.3,6.3,0.05,YES,RIGHT,OK - MIRROR REQUIRED (garage right),"Ross A, Ross B/C, Cooper, Renner A",OK,
E,8,8350,8350,60,70.0,120.0,594.3,592.7,0.0,594.55,1.85,8.8,24.3,3.3,,YES,LEFT,OK - as drawn (garage left),"Ross A, Ross B/C, Cooper, Renner A",OK,
E,9,8350,8350,60,70.0,120.0,590.9,588.7,0.0,591.15,2.45,11.7,30.3,9.3,0.35,YES,RIGHT,OK - MIRROR REQUIRED (garage right),"Ross A, Ross B/C, Cooper, Renner A",OK,
E,10,7200,7200,60,60.0,120.0,591.5,589.9,0.0,591.75,1.85,8.8,24.3,3.3,,YES,LEFT,OK - as drawn (garage left),"Ross A, Ross B/C, Cooper, Renner A",OK,
E,11,7200,7200,60,60.0,120.0,592.1,589.9,0.0,592.35,2.45,11.7,30.3,9.3,0.35,YES,RIGHT,OK - MIRROR REQUIRED (garage right),"Ross A, Ross B/C, Cooper, Renner A",OK,
E,12,7200,7200,60,60.0,120.0,592.6,590.5,0.0,592.85,2.35,11.2,29.3,8.3,0.25,,,OK - either hand,"Ross A, Ross B/C, Cooper, Renner A",OK,
E,13,7200,7200,60,60.0,120.0,593.2,591.7,0.0,593.45,1.75,8.3,23.3,2.3,,,,OK - either hand,"Ross A, Ross B/C, Cooper, Renner A, Renner B/C",OK,
E,14,7200,7200,60,60.0,120.0,593.8,591.7,0.0,594.05,2.35,11.2,29.3,8.3,0.25,,,OK - either hand,"Ross A, Ross B/C, Cooper, Renner A",OK,
E,15,7200,7200,60,60.0,120.0,594.4,592.3,0.0,594.65,2.35,11.2,29.3,8.3,0.25,,,OK - either hand,"Ross A, Ross B/C, Cooper, Renner A",OK,
E,16,8350,8350,60,70.0,120.0,595.0,592.9,0.0,595.25,2.35,11.2,29.3,8.3,0.25,YES,LEFT,OK - as drawn (garage left),"Ross A, Ross B/C, Cooper, Renner A",OK,
F,1,8350,8350,60,70.0,120.0,594.4,592.9,0.0,594.65,1.75,8.3,23.3,2.3,,YES,RIGHT,OK - MIRROR REQUIRED (garage right),"Ross A, Ross B/C, Cooper, Renner A, Renner B/C",OK,
F,2,7200,7200,60,60.0,120.0,594.4,592.9,0.0,594.65,1.75,8.3,23.3,2.3,,,,OK - either hand,"Ross A, Ross B/C, Cooper, Renner A, Renner B/C",OK,
F,3,7200,7199,60,60.0,120.0,593.8,591.7,0.0,594.05,2.35,11.2,29.3,8.3,0.25,,,OK - either hand,"Ross A, Ross B/C, Cooper, Renner A",OK,
F,4,7200,7200,60,60.0,120.0,593.2,591.7,0.0,593.45,1.75,8.3,23.3,2.3,,,,OK - either hand,"Ross A, Ross B/C, Cooper, Renner A, Renner B/C",OK,
F,5,7200,7199,60,60.0,120.0,592.6,591.1,0.0,592.85,1.75,8.3,23.3,2.3,,,,OK - either hand,"Ross A, Ross B/C, Cooper, Renner A, Renner B/C",OK,
F,6,7200,7200,60,60.0,120.0,592.1,589.9,0.0,592.35,2.45,11.7,30.3,9.3,0.35,YES,LEFT,OK - as drawn (garage left),"Ross A, Ross B/C, Cooper, Renner A",OK,
F,7,7200,7199,60,60.0,120.0,591.5,589.3,0.0,591.75,2.45,11.7,30.3,9.3,0.35,YES,RIGHT,OK - MIRROR REQUIRED (garage right),"Ross A, Ross B/C, Cooper, Renner A",OK,
F,8,8350,8350,60,70.0,120.0,590.9,589.3,0.0,591.15,1.85,8.8,24.3,3.3,,YES,LEFT,OK - as drawn (garage left),"Ross A, Ross B/C, Cooper, Renner A",OK,
F,9,10750,10749,70,90.0,120.0,587.5,585.9,0.0,587.75,1.85,8.8,24.3,3.3,,YES,RIGHT,OK - MIRROR REQUIRED (garage right),"Ross A, Ross B/C, Cooper, Renner A",OK,
F,10,9600,9599,70,80.0,120.0,588.6,587.0,0.0,588.85,1.85,8.8,24.3,3.3,,YES,LEFT,OK - as drawn (garage left),"Ross A, Ross B/C, Cooper, Renner A",OK,
F,11,9600,9599,70,80.0,120.0,589.7,588.1,0.0,589.95,1.85,8.8,24.3,3.3,,YES,RIGHT,OK - MIRROR REQUIRED (garage right),"Ross A, Ross B/C, Cooper, Renner A",OK,
F,12,9600,9599,70,80.0,120.0,590.8,589.2,0.0,591.05,1.85,8.8,24.3,3.3,,,,OK - either hand,"Ross A, Ross B/C, Cooper, Renner A",OK,
F,13,9600,9599,70,80.0,120.0,591.9,589.2,0.0,592.15,2.95,14.0,35.3,14.3,0.85,,,OK - either hand,"Ross A, Ross B/C",OK,
F,14,10549,10459,70,92.7,120.0,592.9,590.3,0.0,593.15,2.85,13.6,34.3,13.3,0.75,YES,LEFT,OK - as drawn (garage left),"Ross A, Ross B/C",OK,
G,1,8574,8574,60,71.9,120.0,593.4,591.8,2.8,593.65,1.85,8.8,24.3,3.3,,YES,LEFT,OK - as drawn (garage left),"Ross A, Ross B/C, Cooper, Renner A",OK,
G,2,7200,7199,60,60.0,120.0,592.6,591.0,2.8,592.85,1.85,8.8,24.3,3.3,,,,OK - either hand,"Ross A, Ross B/C, Cooper, Renner A",OK,
G,3,7200,7199,60,60.0,120.0,591.8,590.2,2.8,592.05,1.85,8.8,24.3,3.3,,,,OK - either hand,"Ross A, Ross B/C, Cooper, Renner A",OK,
G,4,7200,7200,60,60.0,120.0,591.0,589.4,2.8,591.25,1.85,8.8,24.3,3.3,,,,OK - either hand,"Ross A, Ross B/C, Cooper, Renner A",OK,
G,5,7200,7199,60,60.0,120.0,590.1,588.6,2.8,590.35,1.75,8.3,23.3,2.3,,,,OK - either hand,"Ross A, Ross B/C, Cooper, Renner A, Renner B/C",OK,
G,6,8400,8399,70,70.0,120.0,589.3,587.8,2.8,589.55,1.75,8.3,23.3,2.3,,,,OK - either hand,"Ross A, Ross B/C, Cooper, Renner A, Renner B/C",OK,
G,7,8400,8400,70,70.0,120.0,588.4,585.9,2.8,588.65,2.75,13.1,33.3,12.3,0.65,YES,RIGHT,OK - MIRROR REQUIRED (garage right),"Ross A, Ross B/C",OK,
G,8,8400,8400,70,70.0,120.0,587.4,585.9,2.8,587.65,1.75,8.3,23.3,2.3,,YES,LEFT,OK - as drawn (garage left),"Ross A, Ross B/C, Cooper, Renner A, Renner B/C",OK,
G,9,8400,8400,70,70.0,120.0,586.5,585.0,2.8,586.75,1.75,8.3,23.3,2.3,,,,OK - either hand,"Ross A, Ross B/C, Cooper, Renner A, Renner B/C",OK,
G,10,8400,8400,70,70.0,120.0,585.6,583.1,0.0,585.85,2.75,13.1,33.3,12.3,0.65,,,OK - either hand,"Ross A, Ross B/C",OK,
G,11,9550,9550,70,80.0,120.0,584.6,583.1,0.0,584.85,1.75,8.3,23.3,2.3,,YES,RIGHT,OK - MIRROR REQUIRED (garage right),"Ross A, Ross B/C, Cooper, Renner A, Renner B/C",OK,
G,12,8350,8349,60,70.0,120.0,586.8,585.2,0.0,587.05,1.85,8.8,24.3,3.3,,YES,LEFT,OK - as drawn (garage left),"Ross A, Ross B/C, Cooper, Renner A",OK,
G,13,7200,7200,60,60.0,120.0,587.2,585.2,0.0,587.45,2.25,10.7,28.3,7.3,0.15,,,OK - either hand,"Ross A, Ross B/C, Cooper, Renner A",OK,
G,14,7200,7200,60,60.0,120.0,587.7,585.7,2.8,587.95,2.25,10.7,28.3,7.3,0.15,,,OK - either hand,"Ross A, Ross B/C, Cooper, Renner A",OK,
G,15,7200,7200,60,60.0,120.0,588.1,586.1,2.8,588.35,2.25,10.7,28.3,7.3,0.15,YES,RIGHT,OK - MIRROR REQUIRED (garage right),"Ross A, Ross B/C, Cooper, Renner A",OK,
G,16,7200,7200,60,60.0,120.0,588.5,586.5,2.8,588.75,2.25,10.7,28.3,7.3,0.15,YES,LEFT,OK - as drawn (garage left),"Ross A, Ross B/C, Cooper, Renner A",OK,
G,17,7200,7200,60,60.0,120.0,588.9,587.4,2.8,589.15,1.75,8.3,23.3,2.3,,,,OK - either hand,"Ross A, Ross B/C, Cooper, Renner A, Renner B/C",OK,
G,18,7200,7200,60,60.0,120.0,589.4,587.4,2.8,589.65,2.25,10.7,28.3,7.3,0.15,,,OK - either hand,"Ross A, Ross B/C, Cooper, Renner A",OK,
G,19,7200,7200,60,60.0,120.0,589.8,587.8,2.8,590.05,2.25,10.7,28.3,7.3,0.15,,,OK - either hand,"Ross A, Ross B/C, Cooper, Renner A",OK,
G,20,7200,7200,60,60.0,120.0,590.2,588.3,2.8,590.45,2.15,10.2,27.3,6.3,0.05,,,OK - either hand,"Ross A, Ross B/C, Cooper, Renner A",OK,
G,21,7200,7200,60,60.0,120.0,590.7,588.7,2.8,590.95,2.25,10.7,28.3,7.3,0.15,,,OK - either hand,"Ross A, Ross B/C, Cooper, Renner A",OK,
G,22,7200,7200,60,60.0,120.0,591.1,589.1,2.8,591.35,2.25,10.7,28.3,7.3,0.15,,,OK - either hand,"Ross A, Ross B/C, Cooper, Renner A",OK,
G,23,8493,8471,60,71.9,120.0,591.6,590.1,2.2,591.85,1.75,8.3,23.3,2.3,,YES,RIGHT,OK - MIRROR REQUIRED (garage right),"Ross A, Ross B/C, Cooper, Renner A, Renner B/C",OK,
