Block,Lot,LotProduct,PLAT_AreaSF,Acres,CSV_AreaSF,AreaError_SF,Status,CSV_FP_SUSPECT
A,1,70,11854,0.272,8400,-3454,MISMATCH,591.5
A,2,70,8745,0.201,9000,255,MISMATCH,597.6
A,3,70,8750,0.201,8400,-350,MISMATCH,596.9
A,4,70,8750,0.201,8400,-350,MISMATCH,596.2
A,5,70,9116,0.209,8400,-716,MISMATCH,595.7
A,20,70,10546,0.242,6256,-4290,MISMATCH,593.8
B,1,50,13072,0.3,9771,-3301,MISMATCH,593.5
B,2,50,9336,0.214,7200,-2136,MISMATCH,593.1
B,3,50,7720,0.177,7200,-520,MISMATCH,592.8
B,4,50,6904,0.158,7200,296,MISMATCH,592.4
B,5,50,6193,0.142,7247,1054,MISMATCH,592.4
B,6,50,6000,0.138,8350,2350,MISMATCH,591.7
B,7,50,6000,0.138,9950,3950,MISMATCH,598.3
B,8,50,6000,0.138,8750,2750,MISMATCH,598.7
B,9,50,6000,0.138,8684,2684,MISMATCH,599.3
B,10,50,6000,0.138,18147,12147,MISMATCH,599.6
B,11,50,6000,0.138,12385,6385,MISMATCH,600.1
B,12,50,6000,0.138,10877,4877,MISMATCH,600.1
B,13,50,6000,0.138,10450,4450,MISMATCH,600.8
B,14,60,6000,0.138,9169,3169,MISMATCH,581.8
B,15,60,6600,0.152,8778,2178,MISMATCH,586.2
B,17,50,6773,0.155,6000,-773,MISMATCH,594.2
B,18,50,6250,0.143,8400,2150,MISMATCH,598.4
B,19,50,6250,0.143,8400,2150,MISMATCH,597.1
B,20,60,7500,0.172,9010,1510,MISMATCH,589.5
B,21,60,7500,0.172,14451,6951,MISMATCH,588.6
B,22,60,9345,0.215,11598,2253,MISMATCH,587.2
B,23,60,10641,0.244,6000,-4641,MISMATCH,585.8
B,24,60,7482,0.172,7200,-282,MISMATCH,589.0
B,25,60,7901,0.181,6520,-1381,MISMATCH,593.2
B,26,60,7892,0.181,14619,6727,MISMATCH,593.5
B,27,50,6613,0.152,9100,2487,MISMATCH,585.5
B,28,50,6569,0.151,9100,2531,MISMATCH,586.4
B,29,50,8960,0.206,9100,140,MISMATCH,585.9
B,30,60,11052,0.254,7150,-3902,MISMATCH,596.1
B,31,60,8091,0.186,7150,-941,MISMATCH,593.3
B,32,60,8092,0.186,6000,-2092,MISMATCH,593.6
B,33,60,9079,0.208,6000,-3079,MISMATCH,593.9
C,1,50,12900,0.296,7247,-5653,MISMATCH,593.6
C,2,50,6788,0.156,7247,459,MISMATCH,593.5
C,3,50,6105,0.14,7247,1142,MISMATCH,593.2
C,4,50,6105,0.14,7247,1142,MISMATCH,592.8
C,5,50,6105,0.14,7200,1095,MISMATCH,592.1
C,6,50,6105,0.14,7247,1142,MISMATCH,592.1
C,7,50,6105,0.14,8405,2300,MISMATCH,591.7
C,8,50,6105,0.14,9729,3624,MISMATCH,585.0
C,9,50,6105,0.14,8778,2673,MISMATCH,585.3
C,10,50,6715,0.154,8778,2063,MISMATCH,592.6
C,11,50,7750,0.178,10161,2411,MISMATCH,587.4
C,12,50,6000,0.138,8778,2778,MISMATCH,587.0
C,13,50,6000,0.138,8778,2778,MISMATCH,586.6
C,14,50,7200,0.165,8400,1200,MISMATCH,600.4
C,15,50,10343,0.237,10450,107,MISMATCH,600.0
C,16,70,13877,0.319,6000,-7877,MISMATCH,594.2
C,17,60,12633,0.29,6000,-6633,MISMATCH,594.2
C,18,60,16342,0.375,7200,-9142,MISMATCH,590.3
C,19,60,13200,0.303,6000,-7200,MISMATCH,591.6
C,20,60,9032,0.207,6000,-3032,MISMATCH,592.8
C,21,60,15635,0.359,6000,-9635,MISMATCH,593.8
D,1,70,9799,0.225,7500,-2299,MISMATCH,596.1
D,2,70,9797,0.225,7500,-2297,MISMATCH,596.5
D,3,70,9796,0.225,6250,-3546,MISMATCH,596.8
D,4,70,9794,0.225,6250,-3544,MISMATCH,597.2
D,5,70,9793,0.225,6773,-3020,MISMATCH,597.8
D,6,70,9790,0.225,6600,-3190,MISMATCH,597.8
D,7,70,9592,0.22,6000,-3592,MISMATCH,596.3
E,1,70,14350,0.329,6000,-8350,MISMATCH,597.2
E,2,70,8400,0.193,6000,-2400,MISMATCH,596.9
E,3,70,8400,0.193,6000,-2400,MISMATCH,596.6
E,4,70,8400,0.193,6000,-2400,MISMATCH,596.3
E,5,70,9000,0.207,6000,-3000,MISMATCH,595.9
E,6,70,10450,0.24,6000,-4450,MISMATCH,595.4
E,7,70,8400,0.193,6000,-2400,MISMATCH,595.1
E,8,70,10450,0.24,6000,-4450,MISMATCH,595.7
E,9,70,10877,0.25,6000,-4877,MISMATCH,586.5
E,10,70,12385,0.284,6000,-6385,MISMATCH,585.2
E,11,70,18147,0.417,7629,-10518,MISMATCH,584.0
E,12,70,8684,0.199,8485,-199,MISMATCH,584.3
E,13,70,8750,0.201,7200,-1550,MISMATCH,586.0
E,14,70,9950,0.228,7200,-2750,MISMATCH,587.5
E,15,60,8350,0.192,7200,-1150,MISMATCH,596.2
E,16,60,7200,0.165,7200,0,OK,595.4
E,17,60,7200,0.165,7200,0,OK,595.2
E,18,60,7200,0.165,7200,0,OK,593.7
E,19,60,7200,0.165,7200,0,OK,592.8
E,20,60,9771,0.224,11917,2146,MISMATCH,593.2
F,1,70,10161,0.233,6613,-3548,MISMATCH,592.8
F,2,70,8778,0.202,7892,-886,MISMATCH,593.7
F,3,70,8778,0.202,7901,-877,MISMATCH,594.5
F,4,70,8778,0.202,7482,-1296,MISMATCH,595.3
F,5,70,8778,0.202,10641,1863,MISMATCH,595.7
F,6,70,8778,0.202,9345,567,MISMATCH,595.8
F,7,70,9729,0.223,6193,-3536,MISMATCH,594.8
F,8,60,8405,0.193,7200,-1205,MISMATCH,588.9
F,9,60,7247,0.166,7200,-47,OK,587.6
F,10,60,7247,0.166,8350,1103,MISMATCH,586.2
F,11,60,7247,0.166,7412,165,MISMATCH,601.0
F,12,60,7247,0.166,7201,-46,OK,600.0
F,13,60,7247,0.166,7200,-47,OK,599.1
F,14,60,7247,0.166,7200,-47,OK,598.1
F,15,70,9785,0.225,7200,-2585,MISMATCH,597.1
H,1,60,9459,0.217,6000,-3459,MISMATCH,596.3
H,2,60,7200,0.165,6000,-1200,MISMATCH,596.3
H,3,60,7200,0.165,6000,-1200,MISMATCH,594.5
H,4,60,7200,0.165,6000,-1200,MISMATCH,594.0
H,5,60,7200,0.165,6000,-1200,MISMATCH,592.8
H,6,70,8400,0.193,6904,-1496,MISMATCH,594.6
H,7,70,8400,0.193,7720,-680,MISMATCH,594.3
H,8,70,8400,0.193,9336,936,MISMATCH,594.0
H,9,70,8400,0.193,13072,4672,MISMATCH,593.8
H,10,70,10232,0.235,8745,-1487,MISMATCH,590.5
H,11,50,7202,0.165,8861,1659,MISMATCH,590.9
H,12,50,6000,0.138,9068,3068,MISMATCH,596.0
H,13,50,6000,0.138,9094,3094,MISMATCH,592.3
H,14,50,6000,0.138,9277,3277,MISMATCH,592.9
H,15,50,6000,0.138,9418,3418,MISMATCH,593.6
H,16,50,6000,0.138,9418,3418,MISMATCH,594.2
H,17,50,6000,0.138,10546,4546,MISMATCH,594.8
H,18,50,6000,0.138,6000,0,OK,594.0
H,19,50,6000,0.138,6000,0,OK,592.7
H,20,50,6000,0.138,6000,0,OK,591.5
H,21,50,6000,0.138,6000,0,OK,590.2
H,22,50,6000,0.138,6000,0,OK,589.0
H,23,50,7629,0.175,6000,-1629,MISMATCH,587.7
I,1,60,8485,0.195,9100,615,MISMATCH,585.1
I,2,60,7200,0.165,9100,1900,MISMATCH,584.7
I,3,60,7200,0.165,9511,2311,MISMATCH,584.3
I,4,60,7200,0.165,9282,2082,MISMATCH,583.9
I,5,50,6000,0.138,6000,0,OK,595.2
I,6,50,6000,0.138,6000,0,OK,596.3
I,7,50,6000,0.138,6000,0,OK,596.3
I,8,50,6000,0.138,7202,1202,MISMATCH,596.1
I,9,50,6000,0.138,10232,4232,MISMATCH,598.9
I,10,50,6000,0.138,10269,4269,MISMATCH,591.1
I,11,50,6000,0.138,8480,2480,MISMATCH,592.0
I,12,50,7150,0.164,9308,2158,MISMATCH,587.0
I,13,50,7150,0.164,11854,4704,MISMATCH,591.3
I,14,50,6000,0.138,8750,2750,MISMATCH,589.7
I,15,50,6000,0.138,8750,2750,MISMATCH,589.2
I,16,50,6000,0.138,9116,3116,MISMATCH,588.8
I,17,50,6000,0.138,9776,3776,MISMATCH,588.4
I,18,50,6000,0.138,9776,3776,MISMATCH,588.0
I,19,50,6000,0.138,9776,3776,MISMATCH,587.7
I,20,50,6000,0.138,9776,3776,MISMATCH,587.3
I,21,60,7200,0.165,9169,1969,MISMATCH,582.2
I,22,60,7200,0.165,9169,1969,MISMATCH,582.6
I,23,60,7200,0.165,9169,1969,MISMATCH,583.0
I,24,60,8350,0.192,9169,819,MISMATCH,583.4
J,2,60,7412,0.17,14069,6657,MISMATCH,585.1
J,3,60,7201,0.165,7744,543,MISMATCH,585.1
J,4,60,7200,0.165,6250,-950,MISMATCH,586.2
J,5,60,7200,0.165,6251,-949,MISMATCH,587.3
J,6,60,7200,0.165,6252,-948,MISMATCH,588.5
J,7,60,7200,0.165,6252,-948,MISMATCH,589.6
J,8,60,7200,0.165,6253,-947,MISMATCH,590.8
J,9,60,7200,0.165,6253,-947,MISMATCH,592.0
J,10,60,7200,0.165,6254,-946,MISMATCH,593.1
J,11,60,7200,0.165,6255,-945,MISMATCH,594.1
J,12,60,11917,0.274,9793,-2124,MISMATCH,596.0
J,13,50,14619,0.336,9794,-4825,MISMATCH,595.3
J,14,50,6520,0.15,9796,3276,MISMATCH,594.6
J,15,50,6257,0.144,9797,3540,MISMATCH,593.7
J,16,50,6256,0.144,9799,3543,MISMATCH,592.6
J,17,50,6256,0.144,15635,9379,MISMATCH,593.5
J,18,50,6255,0.144,9032,2777,MISMATCH,594.0
J,19,50,6255,0.144,13200,6945,MISMATCH,594.6
J,20,50,6254,0.144,16342,10088,MISMATCH,594.1
J,21,50,6253,0.144,12633,6380,MISMATCH,593.7
J,22,50,6253,0.144,13877,7624,MISMATCH,593.3
J,23,50,6252,0.144,10343,4091,MISMATCH,591.6
J,24,50,6252,0.144,7200,948,MISMATCH,597.5
J,25,50,6251,0.144,7750,1499,MISMATCH,597.2
J,26,50,6250,0.143,6000,-250,MISMATCH,596.6
J,27,50,7744,0.178,6000,-1744,MISMATCH,596.9
J,28,70,14069,0.323,6715,-7354,MISMATCH,597.1
J,34,70,9169,0.21,9100,-69,MISMATCH,582.2
J,46,70,14451,0.332,8960,-5491,MISMATCH,591.0
J,47,70,9010,0.207,6569,-2441,MISMATCH,592.1
